idade,renda_mensal,valor_emprestimo,historico_atraso,score_credito,tempo_emprego_anos,emprestimos_anteriores,inadimplente
56,1787.11,27088.75,0,382,1,4,1
69,5406.93,12202.55,0,409,19,6,0
46,3487.3,16572.79,1,489,19,2,1
32,2155.49,21528.14,0,550,26,5,0
60,3706.85,5071.44,1,590,13,5,1
25,2836.9,2674.34,0,500,2,5,0
38,8374.28,4320.41,0,625,22,1,0
56,6763.28,23838.09,0,810,11,7,0
36,4984.05,11136.99,0,708,7,5,0
40,7959.89,32907.39,0,807,1,3,1
28,5154.74,11050.27,0,371,3,0,0
28,3277.43,16291.86,0,546,13,6,0
41,8046.25,25794.77,1,886,15,3,0
53,6077.82,29042.65,0,865,18,0,0
57,2925.51,29430.53,1,643,1,4,1
41,4619.32,23458.56,0,353,11,7,1
20,3248.76,22168.44,0,827,28,4,0
39,2234.4,19147.69,0,831,13,0,0
19,6852.36,20448.53,0,857,5,3,0
41,8818.83,11141.7,0,492,12,0,0
61,2202.86,9272.61,0,357,3,5,1
47,6125.94,14976.38,0,736,21,1,0
55,3698.71,13808.71,0,410,17,6,0
19,4025.75,11827.4,1,428,11,4,1
38,3815.21,19874.71,1,625,19,6,1
50,3272.02,21687.14,0,307,26,1,1
29,5097.04,15618.85,0,328,21,5,0
39,3338.1,25342.71,0,411,29,5,1
61,5540.91,7008.18,0,430,20,4,0
42,4899.52,13644.38,0,487,18,4,0
66,4522.1,9982.24,0,774,7,5,0
44,3184.87,1934.24,0,663,6,2,0
59,3846.46,14421.24,0,503,15,6,0
45,6510.78,14147.77,0,511,18,7,0
33,6001.83,25594.15,1,575,5,1,1
32,3044.89,19415.68,1,372,19,6,1
64,5198.66,7830.69,0,542,26,1,0
68,6502.77,27978.65,1,401,20,2,1
61,1661.19,23547.24,1,470,10,7,1
69,6086.72,19074.68,0,487,4,3,0
20,3674.75,13414.61,0,740,15,1,0
54,6141.2,8283.93,0,385,6,6,0
68,3473.48,12394.55,1,775,26,0,1
24,1390.24,22621.24,1,351,4,7,1
38,1744.92,28192.1,0,410,10,5,1
26,5096.17,25802.7,0,342,14,5,1
56,5519.45,11578.05,0,510,2,2,0
35,3191.37,7162.68,0,499,25,1,0
21,6277.18,15986.2,0,325,4,3,0
42,1676.96,2620.92,1,598,22,1,1
31,4867.84,17262.17,0,376,20,5,0
67,2577.97,13966.78,1,436,4,4,1
26,3696.33,11737.74,1,319,8,0,1
43,5094.8,3837.08,0,739,14,7,0
19,3279.17,18595.2,0,510,2,2,0
37,4230.89,11271.09,0,850,28,4,0
45,7012.59,6810.58,0,734,5,6,0
64,3846.22,1000.0,0,506,16,3,0
24,6671.38,14807.4,0,738,25,4,0
61,2740.59,27405.76,0,341,20,6,1
25,6059.61,26628.81,0,710,7,4,0
64,7883.14,11800.33,0,822,20,3,0
52,1000.0,10784.52,0,726,24,7,0
31,3406.21,18281.42,0,574,10,4,0
34,6154.14,8011.3,0,747,5,2,0
53,4593.91,17112.54,0,668,7,5,0
67,5742.29,20362.56,0,519,9,1,0
57,3792.03,23588.53,0,876,23,4,0
21,5173.18,14298.92,0,531,28,2,0
19,4688.65,13574.28,0,627,2,1,0
23,7335.56,8854.12,0,742,22,7,0
59,5508.84,9211.84,1,351,13,6,1
21,5675.21,13414.65,0,675,22,1,0
46,4176.25,17571.56,0,562,13,6,1
35,4024.79,21395.09,0,566,9,4,0
43,4134.88,9377.75,0,658,11,2,0
61,5788.9,25448.82,0,616,5,5,0
51,4158.03,13102.13,0,623,11,4,0
27,5579.55,14850.43,0,862,22,6,0
53,9150.8,9769.52,0,720,13,3,0
31,6742.25,1000.0,0,345,1,1,1
48,4347.95,21188.32,0,899,8,4,0
65,7402.43,20157.91,0,568,9,6,0
32,4183.85,13030.71,1,680,25,7,1
25,1000.0,15468.94,0,417,16,1,1
31,2983.83,18611.57,0,865,16,7,0
40,1258.42,4062.18,0,415,2,6,0
57,4296.97,11296.63,0,559,29,2,0
38,5036.84,20559.85,0,374,18,0,1
33,8352.87,6219.97,0,779,0,7,0
62,5653.85,17054.91,0,604,11,4,0
35,4561.8,5503.93,0,306,6,5,0
64,6658.81,18265.01,0,665,3,4,0
41,1000.0,14750.51,0,822,9,1,0
43,5471.23,3694.08,1,647,12,2,1
42,6541.73,23153.18,0,737,1,6,0
62,2042.83,9857.86,0,514,9,3,1
58,7287.51,9328.23,0,728,20,5,0
46,5676.99,16403.98,0,797,21,2,0
32,4169.42,23040.46,0,839,24,7,0
62,6265.56,7889.25,0,666,3,7,0
18,9541.39,15431.76,0,612,17,4,0
42,5363.73,18001.72,0,837,4,3,0
24,5496.44,19851.74,0,353,18,2,0
26,4081.28,16235.09,0,840,1,0,0
41,3300.31,12430.81,1,766,11,5,1
18,6660.67,9206.87,0,463,16,1,0
61,3287.83,15603.01,0,633,9,2,0
25,5143.13,7495.03,0,846,1,2,0
41,4044.69,1000.0,0,647,5,0,0
28,5957.96,18055.92,1,572,7,4,1
68,5667.32,21327.54,0,713,28,6,0
34,7075.08,1000.0,0,799,18,6,0
25,3979.97,7931.89,0,392,10,5,0
52,4460.25,19334.08,0,378,24,5,1
52,3042.47,29402.47,0,516,11,1,0
50,4111.41,15145.56,0,657,8,2,0
22,5754.6,9903.98,0,806,1,3,0
59,6513.98,13719.72,0,858,7,2,0
56,3155.67,24624.13,0,480,25,6,1
58,6739.21,10478.25,1,875,10,1,0
45,7711.28,9405.66,1,545,27,2,1
24,5826.87,11620.8,1,543,20,0,1
26,8753.59,8326.7,0,805,3,6,0
25,3452.42,15858.69,0,721,9,2,0
29,2510.69,26372.75,1,619,20,2,1
51,1442.56,17261.55,0,386,19,6,1
50,7992.09,13233.53,0,516,15,3,0
65,6308.73,12957.32,1,789,7,6,1
40,4888.83,4057.66,1,818,3,0,0
41,5559.94,21181.77,0,577,28,0,0
54,2749.02,14455.14,0,468,9,2,1
52,9891.5,13736.64,0,629,11,5,0
61,5258.44,37351.75,1,740,28,3,1
57,5218.79,17091.27,1,690,13,2,1
39,6451.53,9737.46,0,795,15,6,0
44,5962.02,12015.5,0,680,21,2,0
52,5447.77,23039.12,1,605,17,1,1
18,3419.05,15792.89,0,812,20,1,0
52,5942.94,4932.05,0,487,21,5,0
54,8764.05,21434.6,1,815,20,3,0
64,7690.84,10322.99,0,726,11,4,0
31,8186.37,28113.08,0,801,17,7,0
20,3977.57,22560.34,0,559,29,1,1
18,3020.79,11868.75,0,812,6,4,0
22,4748.43,23967.11,1,370,19,0,1
43,5111.45,15474.99,0,777,23,1,0
31,7188.38,20969.42,1,477,22,1,1
56,1615.07,18393.13,0,756,6,3,0
44,8059.1,9075.5,0,488,8,5,0
26,4683.98,10495.15,0,590,0,4,0
32,4146.24,22209.73,0,819,25,6,0
32,2975.79,12656.57,0,591,5,1,0
43,1690.29,12174.46,0,582,5,1,0
59,6646.34,8314.14,0,843,21,3,0
30,5146.64,17965.19,0,676,28,3,0
68,2420.08,29437.67,0,455,11,5,0
49,2409.84,7527.27,0,807,21,4,0
56,4328.43,15169.54,0,712,11,0,0
66,8338.04,24885.54,0,827,9,6,0
69,4480.82,14442.51,0,654,22,5,0
49,1993.71,18166.6,0,858,29,7,0
21,4508.51,7563.25,0,486,25,0,0
47,4454.55,17998.15,0,330,5,2,1
54,1000.0,13689.99,1,559,16,1,1
40,4891.41,21900.11,1,720,18,4,1
56,4538.13,23311.7,0,828,17,5,0
62,6392.41,33126.95,0,850,5,1,0
32,8697.91,19057.43,1,603,23,4,1
60,7253.13,17280.57,0,338,18,4,0
46,4462.22,16360.69,1,788,9,4,1
53,2786.95,12527.84,1,841,23,1,1
30,10146.72,17369.39,1,577,7,5,1
49,5118.44,12932.19,0,502,20,6,0
24,5027.86,16179.23,0,365,23,3,0
68,4951.75,24223.18,0,407,5,1,1
39,5396.17,7954.2,0,567,20,7,0
45,4711.28,22979.15,0,521,24,4,1
19,3852.68,24219.81,0,829,29,5,0
59,3906.28,14173.52,0,389,6,6,0
62,4934.49,1000.0,1,554,23,2,1
23,3913.15,10745.25,0,754,0,7,0
45,3574.31,24078.96,1,552,26,0,1
45,5212.86,14839.92,1,556,17,7,1
61,4490.05,8004.88,0,682,23,4,0
61,8007.99,11466.58,0,741,27,2,0
37,1000.0,20884.34,1,898,24,3,1
47,7183.01,18827.13,0,389,19,6,0
28,7492.17,13327.48,0,689,11,6,0
45,1000.0,12432.23,0,881,15,4,0
42,4314.62,12257.69,0,343,9,7,0
56,4257.12,8543.13,0,897,26,7,0
50,2184.98,26307.63,0,318,9,6,1
18,3444.37,12743.76,0,400,13,2,0
44,2778.85,23520.11,0,656,24,4,0
69,8504.54,25649.21,0,841,19,1,0
30,6871.36,21988.18,0,332,9,5,0
58,7543.11,11978.66,0,528,9,2,0
20,6443.34,17826.11,1,823,25,5,0
56,2741.9,14830.63,0,454,24,1,1
23,3950.96,8674.09,0,722,10,1,0
25,5978.75,17270.51,0,545,22,5,0
44,2555.74,6746.72,0,704,1,2,0
26,6426.0,23313.76,0,840,24,5,0
54,4519.35,11747.68,1,460,19,5,1
50,4250.36,16408.12,0,416,7,0,0
68,6421.92,16983.02,1,570,29,2,1
59,5888.53,13187.67,0,786,22,7,0
61,4278.07,19106.86,0,471,28,7,1
41,7318.66,11675.67,0,573,6,0,0
32,2837.87,21099.08,1,558,7,4,1
49,6231.87,5578.14,0,434,0,6,0
49,6186.2,15884.66,0,721,20,7,0
41,4380.91,28572.5,0,720,1,5,0
58,5652.27,7997.68,0,485,17,4,0
69,2497.77,10255.79,0,663,14,7,0
66,6848.05,18597.35,0,677,0,2,0
66,4630.2,16257.07,0,822,4,5,0
69,3954.55,17454.41,0,879,1,6,0
29,7098.02,18424.31,0,495,19,4,0
56,3591.31,19443.05,1,397,2,7,1
19,2183.08,22767.9,1,321,18,7,1
20,1886.74,17868.73,1,749,17,3,1
66,6212.02,13311.2,0,471,28,7,0
54,2439.14,19708.02,0,682,21,1,0
66,8509.59,28299.17,0,433,17,5,0
34,1000.0,14071.56,0,725,13,6,0
66,8392.91,8178.29,0,324,29,1,0
19,5422.03,22749.56,0,802,23,0,0
19,4806.57,14157.33,0,484,7,4,0
45,3910.16,1000.0,0,384,28,7,0
40,5798.27,20931.95,1,866,29,0,1
54,4924.73,11252.7,0,443,11,6,0
49,7206.6,14366.27,0,711,20,5,0
50,5228.46,17323.86,0,523,9,1,0
18,5300.6,16333.5,0,519,22,1,0
36,4272.78,19966.16,0,478,19,4,0
19,4886.11,11951.6,1,732,16,5,1
61,5615.6,18591.74,1,564,10,7,1
43,1579.66,13183.17,0,728,1,3,0
49,2303.63,20171.67,1,715,25,3,1
23,6486.53,19307.57,1,752,25,4,1
49,5341.73,8451.93,1,496,3,5,1
21,4632.03,22601.87,1,853,0,4,1
28,5036.87,11248.26,0,352,14,5,0
34,5695.16,20656.4,0,779,12,6,0
55,3920.48,17571.01,0,742,7,6,0
41,3443.39,27867.29,0,629,24,0,0
22,5391.69,13435.74,1,550,3,7,1
69,3043.25,12554.78,0,422,9,4,1
51,5816.51,14864.06,0,686,18,7,0
23,1594.83,12877.74,1,638,17,5,1
39,7058.31,20599.59,1,647,4,3,1
28,5945.19,3685.83,1,328,29,7,1
65,5512.06,7624.22,0,334,18,5,0
33,6965.38,7525.38,0,817,25,6,0
50,8330.95,21652.15,0,695,22,5,0
26,7028.74,26974.29,0,593,26,4,0
23,1318.25,14268.86,0,888,21,0,0
33,2440.85,13818.25,0,648,15,0,0
46,3750.36,15490.37,1,446,0,0,1
20,5052.18,23133.15,0,366,11,0,1
37,6035.32,8508.53,0,819,23,6,0
53,3548.51,16668.58,0,421,1,2,1
36,5373.53,21826.38,0,639,20,7,0
43,3489.23,18507.66,0,474,24,4,1
20,3776.96,16327.07,1,896,7,1,1
36,2186.68,22007.32,0,750,17,4,0
37,3153.53,1000.0,1,856,24,2,1
49,2296.63,19745.13,0,435,15,0,1
24,3048.25,10421.47,1,315,4,2,1
69,7107.28,2185.57,0,632,25,3,0
58,3101.2,18578.42,0,494,29,3,1
50,10264.76,24615.61,0,795,21,7,0
57,5986.64,14037.86,1,308,12,6,1
56,5369.67,21670.12,0,633,18,4,1
35,3283.28,26285.95,0,632,28,4,0
57,6400.62,24204.4,1,626,2,1,1
18,3848.72,26479.75,1,314,25,6,1
28,5244.02,20194.89,0,525,7,1,0
45,10120.17,15528.04,0,724,26,3,0
42,4807.88,3786.24,0,707,25,0,0
67,7298.55,13277.56,0,412,25,2,0
40,3593.65,9097.27,0,727,11,1,0
48,4930.02,30196.6,1,300,1,5,1
47,8541.6,13768.8,1,565,10,1,1
59,3746.07,15862.43,0,790,11,0,0
52,8624.9,18860.4,0,507,27,0,0
24,6415.5,15305.22,0,668,17,4,0
33,3875.07,26865.36,1,605,12,2,1
43,6264.82,10641.45,1,311,4,0,1
65,6945.11,16362.25,0,644,21,6,0
69,6243.62,9802.71,1,764,11,1,1
66,1859.55,5759.84,0,793,1,1,0
19,3545.73,10717.62,0,667,4,3,0
18,4504.96,14740.74,0,719,6,0,0
65,4851.13,11994.88,0,470,25,5,0
29,6241.34,10153.05,0,433,25,4,0
22,5355.4,5155.78,0,726,23,2,0
54,2329.31,14418.26,0,324,11,5,1
49,5760.4,4466.96,1,829,15,4,0
26,6221.17,20320.39,0,489,22,1,0
58,6119.58,15577.08,0,440,7,5,0
52,7161.56,4797.14,0,854,29,4,0
36,6667.84,12835.54,0,614,27,1,0
65,5918.36,9734.91,0,743,8,1,0
33,4859.67,17234.22,0,618,14,1,0
20,1678.08,24383.15,0,740,4,1,0
37,5859.24,1873.79,0,391,12,6,0
41,5415.38,15805.18,0,478,4,1,0
50,5543.16,13879.07,0,355,10,3,0
41,2446.5,19699.38,0,454,9,5,0
69,2837.89,16492.38,0,410,19,4,1
28,7106.31,9736.21,0,436,12,3,0
66,4920.89,12766.62,1,531,8,6,1
25,6363.0,9427.82,0,767,20,7,0
53,5056.64,22532.05,0,780,13,7,0
55,5059.51,15149.18,1,367,17,3,1
57,6876.57,28308.33,0,548,14,0,1
37,3967.91,14575.37,0,622,9,0,0
52,5192.24,10041.15,1,817,23,0,1
65,4075.45,4404.0,1,731,6,2,1
42,4131.01,2378.02,1,786,7,0,1
52,4381.66,3911.05,0,728,27,4,0
42,5444.27,16869.89,0,568,2,3,0
46,4042.5,18561.08,0,836,14,4,0
35,7511.51,3931.67,0,447,15,5,0
63,3210.79,21265.27,0,417,3,0,1
35,4626.26,11618.57,0,666,20,6,0
19,4120.54,16027.55,1,365,5,2,1
52,7893.96,26285.54,0,669,0,5,0
33,5393.11,21277.88,0,474,3,6,0
58,7063.69,13120.29,0,887,10,2,0
53,2028.88,8761.65,0,794,11,7,0
50,5534.1,1000.0,0,413,25,5,0
21,6779.26,9965.93,0,410,28,7,0
50,5164.57,13522.09,0,738,4,3,0
31,7130.96,8089.74,0,446,22,4,0
38,3965.42,14081.2,1,334,28,1,1
65,7818.69,15537.96,1,608,20,4,1
37,9597.8,13426.01,0,837,15,0,0
25,4274.32,10449.98,0,313,12,7,0
24,4108.99,16180.58,1,673,12,6,1
20,7906.77,18093.58,1,856,16,1,1
34,8159.14,7367.21,0,727,26,2,0
50,3954.28,24876.53,0,532,6,7,1
65,4159.63,14309.88,0,862,7,3,0
29,4436.43,15131.95,1,739,12,3,0
68,2311.1,19957.5,1,801,22,7,1
39,3162.7,16632.51,0,574,26,7,0
39,2991.72,21671.96,1,375,15,7,1
63,3464.4,17009.87,0,738,29,2,0
47,4930.63,10712.94,1,588,28,0,1
55,5468.43,17530.52,0,839,3,2,0
55,8101.0,6993.92,1,552,7,5,1
62,3003.29,15759.92,0,425,15,6,1
68,6968.64,14767.39,0,476,20,7,0
25,4572.02,13543.18,0,336,9,6,0
44,4901.07,14100.24,1,709,24,0,1
44,6349.64,1827.06,1,426,11,1,1
51,2754.56,11158.93,1,782,11,2,1
38,5764.82,15649.91,1,467,25,0,1
47,5332.9,16118.99,0,891,4,6,0
50,5984.9,7806.27,0,593,15,1,0
45,5578.34,23859.95,0,642,0,2,1
64,9910.6,8936.78,0,609,27,3,0
50,3724.52,21786.2,0,827,8,2,0
22,3938.01,17990.36,0,839,11,4,0
65,3753.72,10476.41,0,718,4,2,0
36,3889.05,27427.18,0,743,21,4,0
21,3725.23,6644.54,0,857,19,1,0
52,7378.03,21434.08,0,535,21,2,0
66,7841.01,22004.08,1,738,27,1,1
34,3858.51,10305.66,1,513,23,1,1
61,3335.29,24747.26,1,384,2,6,1
45,5942.83,13249.67,0,384,4,0,0
47,3895.55,17020.86,0,788,1,1,0
46,6265.86,16822.25,1,364,13,1,1
63,5405.85,14059.84,0,363,1,6,0
23,1968.51,20675.66,0,642,12,6,0
52,8095.01,20554.42,0,651,6,2,0
58,8591.76,2760.28,0,457,9,6,0
54,3774.42,24130.38,0,888,12,2,0
41,4224.6,3362.56,0,790,15,3,0
46,5571.73,22227.82,0,762,25,6,0
66,5668.91,22886.94,0,524,13,0,1
63,6317.09,7363.23,0,612,10,1,0
48,9020.41,12124.3,1,765,9,0,1
52,4646.11,7260.07,0,387,5,4,0
50,3403.41,13495.55,0,602,3,7,0
69,2241.36,12843.76,1,734,20,6,1
38,3538.14,20457.62,0,434,0,1,1
49,4933.75,24172.16,0,349,6,0,1
40,8589.12,24769.79,0,731,23,6,0
50,3964.78,11064.82,0,639,8,6,0
20,5447.58,13535.45,0,646,7,7,0
35,4967.15,3215.93,1,646,4,3,1
42,7376.79,9358.91,0,544,18,3,0
59,10053.86,21753.96,0,408,9,1,0
48,3938.26,26309.08,0,832,10,4,0
20,4021.12,6359.56,0,389,24,3,0
57,7088.32,10852.75,0,595,14,7,0
63,6363.78,14815.16,0,411,5,3,0
41,8693.41,16961.13,0,888,14,4,0
67,6167.86,9332.78,0,476,4,0,0
49,4281.42,17968.43,0,642,28,3,0
64,6181.31,11683.12,0,400,18,7,0
39,7217.41,14898.83,1,700,21,2,1
40,6640.96,18823.99,0,327,18,7,0
19,6014.55,15044.96,0,836,9,5,0
44,7133.35,11945.3,0,357,11,5,0
59,7338.59,14232.73,0,797,21,3,0
19,7764.32,14381.46,0,596,3,0,0
43,6297.42,12409.92,0,433,17,6,0
34,4665.76,13188.43,1,630,15,0,1
57,5293.43,26190.53,1,548,7,7,1
50,7413.02,18926.44,0,849,3,1,0
26,3366.13,12931.64,0,374,24,2,0
60,5737.35,19878.68,1,467,22,0,1
65,4213.32,12663.26,1,802,11,4,1
56,5057.49,23211.87,1,654,1,7,1
46,7556.9,17587.5,0,524,3,2,0
59,5382.2,14248.88,0,830,4,5,0
43,5092.87,18134.02,0,445,2,7,0
52,2280.29,4003.87,0,540,8,2,0
67,6492.51,7112.63,0,643,28,4,0
42,6290.97,6642.52,0,334,20,3,0
41,9326.51,16000.6,1,300,17,4,1
30,4384.44,27127.6,0,452,10,4,0
24,5438.3,30619.1,1,728,2,3,1
53,5498.77,19466.36,0,807,29,3,0
62,8154.91,18505.91,0,425,24,3,0
37,4809.41,2392.6,0,790,22,3,0
18,5558.04,11201.28,1,781,1,3,1
25,6215.79,9485.51,0,644,8,4,0
63,5373.22,10654.07,0,520,13,1,0
33,4107.13,13822.99,1,324,3,1,1
31,5388.18,11695.37,0,827,28,7,0
29,7147.26,1144.9,0,481,8,0,0
68,2946.97,20235.37,0,798,12,1,0
40,5265.94,7490.8,0,341,17,5,0
32,3599.76,16674.73,0,780,14,1,0
45,7390.09,29518.58,0,738,27,4,0
51,1953.63,8564.31,0,701,9,3,0
19,3882.16,1000.0,0,845,15,7,0
49,5754.42,12997.97,0,644,11,3,0
40,8131.05,22706.72,0,344,19,6,0
39,4868.5,28708.43,0,320,4,6,1
68,3889.6,6393.15,0,369,1,6,1
42,8762.31,18476.89,0,347,9,4,0
39,2103.97,11742.83,0,790,0,5,0
39,1000.0,14258.36,0,850,6,1,0
66,5880.03,33510.4,1,586,25,4,1
69,3995.89,4479.21,0,309,16,0,0
59,2957.53,16776.18,1,841,15,7,1
23,6416.71,18273.85,1,573,26,3,1
32,5487.6,22600.5,0,899,26,6,0
60,3871.84,15685.88,0,680,23,2,0
54,2439.39,17156.35,0,628,2,0,1
50,6744.91,12258.46,1,778,13,6,1
25,6300.4,16883.89,0,314,9,5,0
61,4801.65,12597.65,0,815,21,0,0
61,8693.27,19351.0,0,490,6,4,0
22,2859.83,12412.73,1,467,25,1,1
56,1948.95,17639.7,1,820,16,3,1
21,3616.18,14795.16,0,436,29,7,1
23,4908.83,22882.35,0,453,5,5,0
62,5486.68,14640.24,0,687,22,5,0
49,4517.53,2588.77,0,508,21,2,0
69,5704.11,23833.45,1,571,3,0,1
47,2496.92,8659.87,0,442,16,2,0
64,7887.53,10423.64,0,368,26,1,0
52,4835.7,10830.37,0,546,8,6,0
57,7234.59,24621.07,1,560,3,1,1
69,5685.45,1000.0,1,378,6,6,1
33,5913.51,36964.24,0,824,22,2,0
30,6139.53,22392.4,1,629,1,3,1
67,5895.42,16562.67,0,488,16,1,0
59,6285.45,14615.74,0,394,23,2,0
47,7658.31,16998.88,0,307,7,0,0
36,5393.04,18647.86,0,366,22,2,0
34,6418.01,19516.51,0,795,29,2,0
36,4820.53,18889.23,1,490,14,4,1
45,7880.23,15627.06,0,665,14,1,0
43,3647.22,13618.63,0,820,7,7,0
54,8601.88,13941.09,0,416,15,3,0
43,4919.68,13635.64,0,566,18,3,0
40,2138.45,22936.39,1,784,10,4,1
26,5256.21,19154.9,0,808,1,6,0
29,3637.9,1000.0,0,597,22,5,0
18,6681.29,19591.31,1,463,23,6,1
18,3694.75,16363.15,0,675,16,3,0
64,4107.63,14869.04,0,567,27,2,0
51,1220.92,12280.37,0,848,25,4,0
49,4095.39,22868.79,0,373,15,0,1
65,1000.0,21632.69,1,807,24,1,1
42,1832.19,9589.86,1,372,14,1,1
57,6520.83,17849.37,0,607,12,7,0
62,6571.6,8198.4,1,498,14,1,1
18,5850.92,5342.67,0,429,26,2,0
33,3066.05,10612.98,0,871,3,0,0
56,4904.58,21036.75,0,786,15,4,0
22,4992.79,21671.88,0,450,29,4,1
39,2683.27,18591.6,0,505,11,1,1
46,8006.8,20075.67,0,478,29,0,0
20,6754.72,18613.25,1,496,3,0,1
29,4558.07,10509.63,0,388,2,0,0
43,5053.77,18023.46,0,733,21,3,0
33,5416.77,20602.87,0,482,16,3,0
68,1000.0,20280.04,0,508,21,1,1
54,4505.65,23322.39,0,792,17,0,0
39,3636.03,19958.13,0,429,24,5,0
46,2996.76,17460.14,1,312,17,0,1
31,4437.8,22491.05,0,405,22,4,1
45,8595.37,14814.35,0,674,27,4,0
22,6281.69,8826.88,0,881,16,1,0
64,3857.64,13858.53,0,398,11,5,0
66,6145.17,9785.68,0,893,22,0,0
47,7798.71,10273.75,0,886,20,6,0
63,6849.27,13988.37,0,491,23,5,0
69,5119.26,9453.06,0,624,3,7,0
22,3706.13,12844.27,0,766,11,1,0
29,6396.45,1744.7,0,666,25,4,0
33,5786.97,16493.06,0,617,22,6,0
43,6790.39,15008.44,1,443,21,4,1
43,6270.34,9280.38,0,683,20,3,0
65,7099.11,19614.72,1,515,19,1,1
38,3929.53,21562.99,0,660,14,1,0
56,7634.79,3747.08,1,623,22,0,1
53,5395.2,9660.93,0,314,27,0,0
50,9150.52,9616.0,0,516,15,3,0
47,3621.62,8420.68,0,791,4,6,0
54,8471.93,20806.32,1,846,20,7,0
40,5395.82,13643.22,0,482,14,2,0
27,3697.16,13148.4,0,569,16,5,0
22,4032.23,1000.0,0,766,17,2,0
53,4359.31,19447.93,1,818,4,2,1
51,5848.33,6325.19,0,841,12,1,0
69,6045.67,15419.53,1,766,18,5,1
48,3852.6,16941.64,0,604,29,1,0
27,4951.29,24524.61,0,443,12,7,0
36,9284.54,5838.26,0,410,17,5,0
49,8455.09,1000.0,1,531,13,4,1
18,5872.65,16286.95,0,883,29,1,0
22,5076.01,27603.58,1,891,3,1,1
62,5240.06,23672.62,0,799,3,1,0
21,6227.04,16467.62,0,894,19,6,0
33,2954.41,11558.55,0,853,19,3,0
41,4485.25,20649.86,0,572,18,1,0
33,1662.83,8185.18,1,472,12,7,1
19,5798.45,18334.5,1,306,11,0,1
66,6294.39,18538.29,1,454,6,0,1
45,4033.63,22421.47,0,821,24,5,0
49,8147.97,34317.62,0,845,11,4,0
44,2548.47,17746.91,0,847,20,3,0
37,2071.25,11437.25,1,817,3,6,1
41,5448.9,14820.98,0,514,26,5,0
29,7094.2,2616.47,0,433,1,0,0
67,8367.86,10137.01,0,584,1,3,0
52,4082.23,12135.02,0,425,4,3,0
50,7157.36,11331.38,1,738,22,4,1
50,4922.98,16066.48,0,451,9,7,0
68,4654.75,9243.06,0,630,9,3,0
60,6767.32,22847.21,0,837,8,1,0
54,6304.65,15001.45,0,682,12,3,0
29,1847.22,14934.9,0,414,6,4,1
20,7953.08,12704.74,0,781,4,5,0
18,7760.18,16086.33,1,583,25,4,1
50,3748.87,20775.69,1,374,9,6,1
57,5791.61,8930.09,0,465,9,4,0
27,5988.06,10393.18,0,488,5,0,0
60,5521.35,12873.92,1,377,26,1,1
61,3899.39,5578.9,0,320,27,7,0
46,3656.75,9265.19,0,865,18,0,0
30,4948.89,11666.45,0,483,20,5,0
29,7345.46,21120.72,0,521,7,2,0
48,6087.2,16837.93,0,627,0,5,0
63,4258.77,16355.13,1,478,27,1,1
19,6543.4,20956.29,0,411,16,3,0
68,1000.0,14038.4,0,358,6,4,1
67,7297.53,17733.25,0,626,13,2,0
52,1520.57,14277.45,0,490,20,1,1
40,4275.12,16857.54,0,499,29,0,0
34,2760.66,10920.69,1,611,20,4,1
43,2410.64,1000.0,1,334,16,5,1
25,7321.65,14060.05,0,678,8,0,0
46,4064.6,24959.24,1,686,16,1,1
43,5693.01,21483.51,1,536,4,1,1
27,4906.16,21757.78,1,818,25,5,1
43,5954.08,23652.92,0,582,24,2,0
51,5153.64,15620.6,0,300,29,5,0
68,2434.02,16381.21,0,763,19,3,0
58,6992.53,10676.44,0,529,28,0,0
24,4012.49,12787.49,0,471,7,2,0
21,1886.84,19310.4,0,386,5,4,1
67,4143.77,23427.19,1,852,10,6,1
62,8001.52,14023.88,1,422,18,3,1
28,6700.44,11848.68,1,597,3,2,1
46,4302.7,15003.7,0,874,17,6,0
53,4301.48,19208.45,0,783,0,6,0
42,4356.73,4893.02,0,464,12,0,0
38,9153.5,1000.0,0,682,13,1,0
53,5763.87,11146.24,0,508,23,4,0
27,5860.08,6455.01,0,731,0,5,0
54,7060.57,11443.02,0,688,29,0,0
26,5477.58,13965.54,1,859,28,3,0
41,4481.92,11827.26,0,523,10,7,0
52,4607.3,25167.27,0,302,16,6,1
66,4856.8,17287.21,0,671,3,3,0
52,4925.56,17103.32,0,745,25,6,0
65,6455.26,19355.45,0,415,11,1,0
53,5103.89,7028.17,0,569,9,7,0
35,6465.28,22273.78,0,746,5,1,0
66,4838.57,14469.65,0,667,24,4,0
56,5157.27,19693.36,0,552,0,5,0
49,1003.6,7497.0,0,616,6,4,0
41,6832.66,4123.69,0,714,25,1,0
40,5692.98,20725.23,1,394,26,1,1
49,6996.02,17634.87,0,323,20,3,0
54,1000.0,8685.64,0,349,27,1,1
29,9176.75,8912.36,0,801,15,7,0
66,4720.82,22878.04,1,797,23,7,1
30,7216.37,6674.12,1,634,13,2,1
40,2920.19,26498.71,0,378,22,6,1
42,6225.55,8695.65,0,881,19,0,0
52,2893.17,19468.74,1,326,19,1,1
58,3752.46,12699.67,0,570,5,4,0
47,8828.06,19222.31,0,861,21,5,0
34,4618.64,11191.2,0,546,24,6,0
66,5434.87,13860.45,1,890,27,6,0
37,6740.14,15286.43,1,686,4,5,1
65,5991.36,7984.69,0,858,23,5,0
42,5300.84,20185.77,0,660,20,6,0
39,5729.92,11407.51,0,787,17,2,0
30,9806.83,13399.8,0,651,14,4,0
36,4884.76,8039.55,1,555,5,2,1
66,5402.2,1000.0,0,521,24,1,0
53,7101.31,13662.81,0,300,28,0,0
29,7211.05,31888.31,0,845,18,5,0
58,7374.06,20492.23,0,745,0,7,0
36,6277.46,14865.18,0,378,0,4,0
29,2713.99,13159.76,0,535,12,5,0
26,8266.86,15157.26,0,633,2,2,0
24,2707.31,18829.83,0,648,9,3,0
45,5605.27,6734.31,0,397,20,1,0
31,3491.45,22800.25,0,381,2,0,1
48,4871.72,20007.67,0,801,8,1,0
69,5657.52,20027.3,1,776,7,3,1
36,5642.71,18069.33,1,849,2,0,0
64,5843.84,15137.32,1,313,24,3,1
33,8227.42,19710.03,0,691,12,1,0
22,5907.07,19142.7,1,646,5,2,1
52,4511.69,12521.72,0,609,12,6,0
29,6928.17,10984.79,0,685,22,1,0
42,7378.94,15712.99,0,508,19,1,0
69,2544.78,25843.14,0,656,19,1,0
38,6194.8,6326.25,0,867,11,4,0
53,6402.35,4727.32,0,393,12,3,0
40,4404.87,16153.33,0,392,1,7,1
33,7751.41,15356.21,0,639,20,3,0
56,4699.89,16213.39,0,896,23,5,0
62,5251.15,16707.67,0,744,22,3,0
59,4653.86,13437.58,0,321,15,5,0
56,5031.16,25429.04,1,590,22,4,1
31,2807.45,3793.67,1,784,5,2,0
48,2119.9,9200.52,0,605,18,5,0
22,8189.01,14277.22,0,427,20,1,0
52,3306.08,3497.68,0,572,12,2,0
40,3017.22,13769.02,1,741,16,6,1
46,1000.0,26630.29,0,802,22,4,0
60,3722.08,15146.21,0,429,8,3,1
28,2353.82,16614.91,0,431,16,5,1
35,8284.03,6178.85,0,896,28,7,0
64,7019.63,10685.47,0,781,1,1,0
29,3623.7,12373.63,1,689,18,0,1
26,9504.87,12775.99,0,892,18,6,0
27,6963.53,23971.51,0,624,23,0,0
61,4350.34,18903.84,1,368,6,2,1
34,1000.0,7219.79,1,747,21,3,1
55,9581.89,16725.53,0,827,9,7,0
24,2220.86,18487.55,0,464,9,0,1
63,1709.2,22981.04,0,787,26,2,0
30,7045.14,26063.78,1,725,19,4,1
57,9879.5,7894.34,0,564,8,2,0
59,7768.55,9324.0,1,641,16,6,1
26,6127.82,6196.95,0,577,26,7,0
67,6189.51,13361.86,0,738,14,7,0
44,6706.83,18264.51,0,456,1,2,0
19,6517.86,21911.34,0,721,29,6,0
22,5562.38,14468.34,0,550,3,2,0
46,5208.4,12761.07,0,829,18,7,0
54,4874.81,16062.31,0,626,16,7,0
55,3492.07,9154.0,1,396,4,1,1
36,4438.65,29626.77,0,812,6,2,0
25,1614.09,3746.37,0,515,17,5,0
65,4803.32,16293.18,0,431,20,2,0
62,3022.82,29165.24,0,559,21,7,1
18,2792.82,15047.6,0,424,26,1,1
39,5359.79,13669.73,0,381,6,1,0
69,7784.0,12497.88,1,582,16,4,1
34,6836.63,13737.26,0,358,6,6,0
24,1859.0,24609.94,0,843,3,3,0
42,3020.74,1000.0,0,460,7,0,0
62,6881.54,25734.04,0,583,12,0,0
21,3035.03,5032.3,0,405,3,2,0
53,4550.73,13133.43,1,404,5,4,1
23,6100.1,11995.29,1,738,24,2,1
48,3063.31,19119.87,0,527,4,0,1
36,5210.75,3813.13,0,881,29,6,0
61,2331.95,18235.21,0,617,11,7,1
56,3797.26,29170.17,0,763,3,6,0
44,5639.56,5457.78,0,898,23,6,0
27,1814.01,16327.94,0,771,28,1,0
43,5880.95,10366.12,0,355,8,7,0
36,4960.72,17981.21,0,312,3,3,0
56,6104.98,15134.03,0,739,18,7,0
20,5447.83,10509.59,0,317,23,4,0
62,7728.28,18415.11,0,412,13,1,0
30,5250.45,27630.44,0,528,4,3,0
67,4141.19,13663.67,1,470,17,4,1
45,5244.6,20038.31,0,594,9,4,0
37,6086.6,5947.09,0,488,24,0,0
45,5097.72,8304.95,0,725,18,1,0
25,5081.18,18306.84,1,378,11,4,1
58,3596.02,25388.81,0,481,17,5,0
56,3674.2,17489.29,0,798,16,6,0
18,2194.79,12808.59,0,370,29,4,1
20,8499.15,14995.04,0,547,23,3,0
30,2512.27,6247.15,1,445,10,0,1
45,3614.19,19231.61,0,595,2,2,0
66,3563.19,21176.33,1,881,22,6,1
42,6789.85,11835.37,1,769,16,0,1
50,4410.1,11709.7,1,805,0,2,1
55,7495.48,16861.15,0,492,14,1,0
23,3653.02,11942.96,0,367,27,1,0
61,5557.99,14537.07,0,793,8,4,0
62,3329.31,29698.05,1,351,14,5,1
49,9290.3,13270.82,0,662,27,1,0
62,2624.8,12491.62,0,773,23,7,0
64,5619.64,10467.21,0,820,27,4,0
38,6267.55,20209.34,0,730,28,6,0
33,5827.6,13731.43,1,597,2,0,1
38,4629.42,10454.39,0,734,21,1,0
28,4740.36,24249.13,1,497,26,7,1
54,5087.62,24937.22,0,427,18,0,1
53,4706.0,10797.04,1,831,12,0,1
52,6927.76,1934.22,0,710,11,5,0
36,9421.05,22052.6,0,364,19,1,0
37,3885.02,10207.59,1,540,0,0,1
35,2260.39,20534.38,0,668,20,5,0
64,4823.44,1209.27,1,835,16,5,0
58,10159.42,21248.18,0,683,12,1,0
66,3392.65,6521.8,0,730,0,5,0
31,8278.23,20115.35,0,382,9,1,0
32,8355.4,15099.91,0,873,14,7,0
48,3892.82,8322.42,0,585,26,1,0
18,6137.97,12150.75,0,833,26,2,0
20,8256.79,19804.23,0,758,29,0,0
33,4241.74,15741.26,0,511,6,7,0
40,4592.84,19090.89,1,425,27,3,1
28,3836.64,28835.08,1,712,21,1,1
29,2970.49,4050.31,0,798,17,0,0
27,3701.44,26320.49,0,724,15,6,0
49,2552.12,15730.49,0,853,13,5,0
33,5068.17,8708.51,0,842,26,4,0
25,3460.05,5687.8,1,457,27,1,1
55,5467.57,13676.16,1,411,17,5,1
29,1888.21,21451.55,0,701,26,5,0
41,5661.76,14107.16,1,421,6,5,1
45,6667.06,25578.08,0,572,16,5,0
25,1012.53,4841.77,1,593,28,5,1
45,5748.11,14915.38,0,697,17,1,0
53,7455.34,6233.25,0,770,11,6,0
43,2580.72,17545.42,0,506,7,3,1
25,8345.14,21208.21,0,409,21,2,0
67,5838.04,12054.67,0,739,29,5,0
45,3589.98,1000.0,1,577,1,5,1
45,4888.46,16392.64,0,867,6,2,0
54,6116.65,18057.17,0,868,3,6,0
58,5152.01,17830.06,0,781,17,7,0
53,6077.51,23650.48,0,413,27,6,0
44,3158.65,7502.62,0,776,5,7,0
34,5338.72,19761.51,0,620,26,1,0
26,2172.57,23347.55,0,478,8,0,1
50,4777.55,2549.89,0,518,26,4,0
37,3192.18,17237.56,0,827,8,4,0
30,3528.94,11470.74,1,791,13,0,1
45,7472.19,14429.34,1,360,7,1,1
65,7182.62,17433.74,0,353,18,4,0
46,6218.28,11589.4,0,837,2,6,0
30,2815.37,10270.04,0,364,17,2,0
63,4367.18,15239.07,0,885,4,0,0
52,7426.2,7389.28,0,470,13,6,0
23,5283.43,7399.22,0,572,27,3,0
35,9638.66,19755.61,0,834,29,1,0
68,5786.64,6958.44,0,690,3,0,0
22,5384.1,19664.19,0,626,6,4,0
64,4381.77,18238.14,1,407,19,1,1
42,5267.08,2919.35,1,461,24,2,1
19,4695.06,10257.05,0,751,27,1,0
27,6416.22,23358.77,0,505,11,1,0
47,6913.4,8131.84,1,889,1,2,1
67,3428.02,11749.17,1,315,10,5,1
62,2337.53,18234.43,0,626,13,2,0
22,1327.59,20483.73,0,301,21,6,1
50,6015.98,13239.23,0,309,22,1,0
18,2793.27,10817.43,0,733,15,7,0
35,1000.0,24956.59,0,424,19,2,1
49,5777.16,27172.3,0,380,28,5,1
64,9986.0,21852.01,0,784,5,6,0
66,4987.86,15597.23,0,449,22,7,0
28,6676.98,9342.14,1,639,3,7,1
38,5163.66,9186.89,0,428,14,0,0
43,4802.22,18657.6,0,737,23,2,0
42,6838.15,17928.79,0,800,24,2,0
39,4419.45,24811.19,0,357,0,1,1
44,5534.78,19553.15,1,497,6,6,1
66,5643.4,4478.44,0,510,24,0,0
30,3663.82,22363.63,0,344,11,3,1
50,6984.08,8013.58,0,396,9,3,0
51,4650.08,12312.2,0,578,4,4,0
58,3488.51,16751.4,1,834,11,2,1
52,6073.02,28969.67,0,709,17,2,0
18,3203.06,36769.43,0,760,9,0,0
38,5056.36,19247.06,0,690,5,5,0
65,4981.76,13717.62,0,343,27,3,0
23,7171.79,18741.54,1,326,11,4,1
45,5949.4,21213.59,1,396,6,0,1
34,4949.95,12755.33,0,847,17,2,0
22,6635.53,27566.48,0,866,1,3,0
48,7780.42,16610.5,1,518,9,6,1
22,6115.62,18484.2,1,484,14,4,1
55,5020.71,19661.47,0,368,29,1,0
20,2376.33,17951.11,0,429,11,3,1
40,2869.77,20872.58,0,866,25,4,0
54,4389.55,10679.23,1,898,16,0,0
54,3780.98,11091.89,0,633,3,1,0
27,4626.06,7298.92,0,453,6,4,0
27,5113.3,18076.51,1,846,29,4,1
36,6059.39,20452.56,0,378,8,7,0
34,4859.0,18204.41,0,878,18,7,0
38,5973.0,26721.45,0,712,27,7,0
31,5128.95,14960.83,0,845,26,2,0
26,1049.07,19681.19,0,468,22,5,1
63,3121.33,7358.09,0,882,6,3,0
18,4711.82,12290.3,0,814,22,2,0
68,2580.61,19868.76,0,613,1,6,1
62,6199.86,20943.71,1,331,5,1,1
30,8061.5,12942.23,1,586,17,5,1
21,7437.52,14498.81,0,893,5,4,0
18,4573.11,4374.88,0,342,12,2,0
66,7981.45,12500.8,0,300,25,7,0
57,5297.33,21232.68,0,872,18,5,0
49,4325.83,19026.44,0,569,29,6,0
51,3773.19,18504.66,0,479,1,3,1
45,4395.06,15348.42,0,817,11,6,0
48,4223.65,15049.44,0,402,14,1,0
25,5340.83,10377.75,0,309,13,0,0
56,5321.15,19891.8,0,882,5,2,0
43,5006.09,17946.81,0,389,17,7,0
51,5873.88,18444.13,0,525,4,1,0
20,7381.29,11317.76,0,425,17,0,0
67,6899.11,1000.0,1,508,2,7,1
29,2030.2,22680.07,1,396,2,7,1
18,1000.0,11648.14,0,373,21,7,1
61,6868.64,8960.57,0,490,21,2,0
22,2266.24,19854.35,0,355,9,1,1
47,4550.47,12255.91,0,852,18,7,0
47,2659.77,22419.55,0,331,2,6,1
34,1396.04,19319.04,1,826,28,1,1
65,6082.93,19784.99,0,873,11,5,0
64,6518.31,5438.31,1,583,28,6,1
40,3846.98,23483.61,0,793,15,2,0
32,1000.0,16828.75,0,486,16,7,0
54,3907.51,12415.06,0,797,6,1,0
38,5783.61,16003.72,0,741,12,4,0
31,2042.18,2566.35,0,429,23,2,0
19,5366.72,17860.57,0,591,1,1,0
28,4969.38,7794.4,0,413,3,5,0
68,6158.58,5531.31,1,498,9,7,1
56,5239.16,4343.49,0,312,6,0,0
55,3053.86,22788.82,1,570,23,7,1
51,7393.14,10595.16,1,514,16,0,1
55,4682.94,25736.09,1,743,19,4,1
67,4945.39,11249.39,0,811,5,2,0
51,3133.46,3048.49,0,746,18,5,0
35,4113.44,7184.33,1,373,4,1,1
47,3230.39,23650.68,0,836,9,1,0
32,4654.11,13908.71,0,400,8,0,0
44,8423.42,11161.99,0,475,26,5,0
68,2256.2,16120.13,0,726,12,6,0
51,1772.88,18512.48,0,416,18,4,1
69,7942.34,22821.79,0,465,20,0,0
55,4581.35,25139.49,0,340,23,0,1
50,3661.85,12481.62,1,728,5,4,1
41,7079.81,5717.67,0,643,3,2,0
32,3788.77,12105.74,1,723,23,1,1
47,8652.02,16821.96,0,665,26,2,0
59,6355.85,8253.69,1,419,2,5,1
68,4024.18,8299.94,0,528,2,6,0
34,9314.62,17406.52,1,429,3,7,1
22,3788.57,14659.43,0,651,24,3,0
46,6484.19,15229.58,1,617,4,3,1
21,5598.59,9690.53,0,636,7,3,0
27,7603.48,13387.2,1,572,15,4,1
34,8123.02,8530.37,1,416,21,0,1
27,5064.01,21231.39,0,667,2,6,0
34,3493.16,22246.75,0,393,23,2,1
37,5919.94,2076.68,1,467,11,7,1
41,3644.57,8493.42,0,640,24,1,0
22,9026.77,4524.3,1,451,7,3,1
51,5273.07,10449.83,0,885,12,2,0
23,4269.36,14415.93,0,573,3,3,0
19,5369.36,4852.48,1,853,13,6,0
30,2305.75,8546.98,0,795,13,3,0
60,3056.77,7972.3,1,400,12,1,1
60,7400.83,16450.87,0,856,26,7,0
65,3686.21,15485.41,0,381,5,5,1
28,2906.18,9947.84,0,828,16,5,0
68,6073.31,16237.75,0,372,3,6,0
64,7371.41,11173.24,0,313,7,5,0
40,6437.91,13098.41,0,732,16,4,0
33,6992.1,26714.16,0,456,2,0,0
48,3486.41,24383.23,0,431,16,4,1
28,2156.38,5902.93,1,637,8,2,1
33,8002.67,20808.13,0,703,1,4,0
25,4354.64,20679.78,0,675,24,2,0
21,4498.33,6962.16,0,858,12,2,0
57,7656.39,20731.44,0,406,19,0,0
21,6112.46,25765.52,0,564,1,1,1
42,5911.78,7142.19,0,504,19,7,0
20,9330.0,8577.48,0,378,27,6,0
49,3712.96,22123.63,0,454,10,0,1
20,6855.68,16900.47,0,546,26,6,0
44,5114.03,18860.33,1,830,25,5,0
46,5537.18,17384.12,0,837,21,5,0
49,8056.94,17734.87,0,453,14,4,0
67,6015.67,5714.7,0,453,10,2,0
68,6076.59,22331.22,0,391,22,3,0
36,7145.01,23187.13,1,732,2,3,1
38,4270.09,13394.26,0,637,2,6,0
22,3321.58,14695.66,0,779,27,2,0
35,2910.38,4282.25,0,430,25,6,0
45,1067.29,18599.78,0,749,11,0,0
59,9112.41,19004.4,0,572,23,1,0
39,2793.58,14564.66,0,887,4,7,0
38,4557.49,22870.47,0,476,19,0,1
23,4446.37,12661.46,0,348,6,2,0
18,5614.81,18952.24,0,866,6,2,0
22,6631.47,7862.35,0,654,12,1,0
58,6720.95,14835.13,0,607,8,6,0
29,3833.85,13779.52,0,345,24,4,0
43,4665.76,16577.16,1,601,20,4,1
63,5565.16,12413.31,0,707,12,1,0
51,4502.62,14079.69,1,488,11,4,1
66,8214.69,20782.33,0,428,12,3,0
31,5981.95,11942.65,0,860,23,4,0
43,6469.76,3753.96,0,836,9,4,0
62,6325.76,27247.09,0,565,0,4,1
44,7346.95,24670.18,0,417,24,3,0
26,5362.04,5954.16,0,763,7,6,0
43,2406.34,19827.95,0,443,21,4,1
64,5799.38,11479.18,1,741,15,5,1
39,3697.29,16844.41,0,499,12,3,1
64,3942.77,17059.57,0,456,2,1,1
47,6172.73,13359.15,0,786,2,0,0
60,7476.57,9513.64,0,433,23,1,0
65,5042.54,10166.21,0,447,4,0,0
34,5617.67,8586.66,0,635,25,7,0
43,8404.43,9177.24,1,370,10,1,1
53,5481.51,14529.75,1,532,29,5,1
18,10203.37,9989.68,0,633,6,0,0
25,6131.02,19774.36,0,389,20,0,0
66,1478.47,25410.72,1,633,23,2,1
52,6506.68,10939.63,0,498,9,0,0
69,5762.32,16675.83,0,460,9,0,0
32,7579.51,18497.8,0,837,19,2,0
64,6346.36,18304.02,0,420,1,4,1
39,4723.09,15531.69,0,600,2,4,0
31,2551.4,20198.78,0,874,7,2,0
43,4581.95,18375.74,0,735,10,3,0
45,3298.96,6336.36,0,367,12,7,0
40,3838.95,21084.09,0,758,6,0,0
31,6177.16,21211.04,0,813,12,0,0
41,8339.81,9657.0,0,697,1,2,0
19,5789.34,15265.56,0,585,5,2,0
62,2608.23,19783.3,0,860,8,3,0
43,5889.21,13534.8,0,439,19,5,0
31,7393.26,22510.85,0,855,24,4,0
68,3780.43,31547.11,1,889,1,1,1
24,4731.97,9498.1,1,581,17,5,1
20,5029.38,5332.69,0,877,15,6,0
64,3430.2,17126.73,0,756,24,4,0
40,6296.56,20050.94,0,386,11,0,0
63,4758.1,13383.94,0,378,6,6,0
60,5839.06,25172.82,1,504,6,5,1
64,3225.02,5629.76,0,636,16,2,0
62,4125.08,19850.43,0,553,12,3,0
35,6444.76,10758.97,0,603,10,4,0
55,4254.33,27035.65,0,679,5,3,0
